cpc4,label
A01B,SOIL WORKING IN AGRICULTURE OR FORESTRY
A01C,PLANTING
A01D,HARVESTING
A01F,PROCESSING OF HARVESTED PRODUCE
A01G,HORTICULTURE
A01H,NEW PLANTS OR PROCESSES FOR OBTAINING THEM
A01J,MANUFACTURE OF DAIRY PRODUCTS
A01K,ANIMAL HUSBANDRY
A01L,SHOEING OF ANIMALS
A01M,"CATCHING, TRAPPING OR SCARING OF ANIMALS"
A01N,PRESERVATION OF BODIES OF HUMANS OR ANIMALS OR PLANTS OR PARTS THEREOF
A21B,BAKERS' OVENS
A21C,MACHINES OR EQUIPMENT FOR MAKING OR PROCESSING DOUGHS
A21D,"TREATMENT, e.g. PRESERVATION, OF FLOUR OR DOUGH, e.g. BY ADDITION OF MATERIALS"
A22B,SLAUGHTERING
A22C,"PROCESSING MEAT, POULTRY, OR FISH"
A23B,"PRESERVING, e.g. BY CANNING, MEAT, FISH, EGGS, FRUIT, VEGETABLES, EDIBLE SEEDS"
A23C,"DAIRY PRODUCTS, e.g. MILK, BUTTER, CHEESE"
A23D,"EDIBLE OILS OR FATS, e.g. MARGARINES, SHORTENINGS, COOKING OILS"
A23F,COFFEE
A23G,COCOA
A23J,PROTEIN COMPOSITIONS FOR FOODSTUFFS
A23K,FODDER
A23L,"FOODS, FOODSTUFFS, OR NON-ALCOHOLIC BEVERAGES"
A23N,MACHINES OR APPARATUS FOR TREATING HARVESTED FRUIT
A23P,SHAPING OR WORKING OF FOODSTUFFS
A23V,"INDEXING SCHEME RELATING TO FOODS, FOODSTUFFS OR NON-ALCOHOLIC BEVERAGES"
A23Y,LACTIC OR PROPIONIC ACID BACTERIA USED IN FOODSTUFFS OR FOOD PREPARATION
A24B,MANUFACTURE OR PREPARATION OF TOBACCO FOR SMOKING OR CHEWING
A24C,MACHINES FOR MAKING CIGARS OR CIGARETTES
A24D,CIGARS
A24F,SMOKERS' REQUISITES
A41B,SHIRTS
A41C,CORSETS
A41D,OUTERWEAR
A41F,GARMENT FASTENINGS
A41G,ARTIFICIAL FLOWERS
A41H,APPLIANCES OR METHODS FOR MAKING CLOTHES
A42B,HATS
A42C,MANUFACTURING OR TRIMMING HATS OR OTHER HEAD COVERINGS
A43B,CHARACTERISTIC FEATURES OF FOOTWEAR
A43C,FASTENINGS OR ATTACHMENTS OF FOOTWEAR
A43D,"MACHINES, TOOLS, EQUIPMENT OR METHODS FOR MANUFACTURING OR REPAIRING FOOTWEAR"
A44B,"BUTTONS, PINS, BUCKLES, SLIDE FASTENERS, OR THE LIKE"
A44C,JEWELLERY
A44D,"BUTTONS, PINS, BUCKLES OR SLIDE FASTENERS  OR OTHER PERSONAL ADORNMENTS"
A45B,WALKING STICKS
A45C,PURSES
A45D,HAIRDRESSING OR SHAVING EQUIPMENT
A45F,TRAVELLING OR CAMP EQUIPMENT
A46B,BRUSHES
A46D,MANUFACTURE OF BRUSHES
A47B,TABLES
A47C,CHAIRS
A47D,FURNITURE SPECIALLY ADAPTED FOR CHILDREN
A47F,"SPECIAL FURNITURE, FITTINGS, OR ACCESSORIES FOR SHOPS"
A47G,HOUSEHOLD OR TABLE EQUIPMENT
A47H,FURNISHINGS FOR WINDOWS OR DOORS
A47J,KITCHEN EQUIPMENT
A47K,SANITARY EQUIPMENT NOT OTHERWISE PROVIDED FOR
A47L,DOMESTIC WASHING OR CLEANING
A61B,DIAGNOSIS
A61C,DENTISTRY
A61D,"VETERINARY INSTRUMENTS, IMPLEMENTS, TOOLS, OR METHODS"
A61F,FILTERS IMPLANTABLE INTO BLOOD VESSELS
A61G,TRANSPORT OR ACCOMODATION FOR PATIENTS
A61H,PHYSICAL THERAPY APPARATUS
A61J,CONTAINERS SPECIALLY ADAPTED FOR MEDICAL OR PHARMACEUTICAL PURPOSES
A61K,"PREPARATIONS FOR MEDICAL, DENTAL, OR TOILET PURPOSES"
A61L,METHODS OR APPARATUS FOR STERILISING MATERIALS OR OBJECTS IN GENERAL
A61M,"DEVICES FOR INTRODUCING MEDIA INTO, OR ONTO, THE BODY"
A61N,ELECTROTHERAPY
A61P,SPECIFIC THERAPEUTIC ACTIVITY OF CHEMICAL COMPOUNDS OR MEDICINAL PREPARATIONS
A61Q,SPECIFIC USE OF COSMETICS OR SIMILAR TOILET PREPARATIONS
A62B,"DEVICES, APPARATUS OR METHODS FOR LIFE-SAVING"
A62C,FIRE-FIGHTING
A62D,CHEMICAL MEANS FOR EXTINGUISHING FIRES OR FOR COMBATING CHEMICAL AGENTS
A63B,"APPARATUS FOR PHYSICAL TRAINING, GYMNASTICS, SWIMMING, CLIMBING, OR FENCING"
A63C,SKATES
A63D,BOWLING-ALLEYS
A63F,"CARD, BOARD, OR ROULETTE GAMES"
A63G,MERRY-GO-ROUNDS
A63H,"TOYS, e.g. TOPS, DOLLS, HOOPS, BUILDING BLOCKS"
A63J,"DEVICES FOR THEATRES, CIRCUSES, OR THE LIKE"
A63K,RACING
B01B,BOILING
B01D,SEPARATION
B01F,"MIXING, e.g. DISSOLVING, EMULSIFYING, DISPERSING"
B01J,"CHEMICAL OR PHYSICAL PROCESSES, e.g. CATALYSIS OR COLLOID CHEMISTRY"
B01L,CHEMICAL OR PHYSICAL LABORATORY APPARATUS FOR GENERAL USE
B02B,PREPARING GRAIN FOR MILLING
B02C,"CRUSHING, PULVERISING, OR DISINTEGRATING IN GENERAL"
B03B,SEPARATING SOLID MATERIALS USING LIQUIDS OR USING PNEUMATIC TABLES
B03C,MAGNETIC OR ELECTROSTATIC SEPARATION OF SOLID MATERIALS FROM SOLID MATERIALS OR FLUIDS
B03D,FLOTATION
B04B,CENTRIFUGES
B04C,"APPARATUS USING FREE VORTEX FLOW, e.g. CYCLONES"
B05B,SPRAYING APPARATUS
B05C,"APPARATUS FOR APPLYING LIQUIDS OR OTHER FLUENT MATERIALS TO SURFACES, IN GENERAL"
B05D,"PROCESSES FOR APPLYING LIQUIDS OR OTHER FLUENT MATERIALS TO SURFACES, IN GENERAL"
B06B,"METHODS OR APPARATUS FOR GENERATING OR TRANSMITTING MECHANICAL VIBRATIONS OF INFRASONIC, SONIC, OR ULTRASONIC FREQUENCY,"
B07B,"SEPERATING SOLIDS FROM SOLIDS BY SIEVING, SCREENING, OR SIFTING OR BY USING GAS CURRENTS"
B07C,POSTAL SORTING
B08B,CLEANING IN GENERAL
B09B,DISPOSAL OF SOLID WASTE
B09C,RECLAMATION OF CONTAMINATED SOIL
B21B,ROLLING OF METAL
B21C,"MANUFACTURE OF METAL SHEETS, WIRE, RODS, TUBES OR PROFILES"
B21D,"WORKING OR PROCESSING OF SHEET METAL OR METAL TUBES, RODS OR PROFILES"
B21F,WORKING OR PROCESSING OF METAL WIRE
B21G,"MAKING NEEDLES, PINS OR NAILS OF METAL"
B21H,"MAKING PARTICULAR METAL OBJECTS BY ROLLING, e.g. SCREWS, WHEELS, RINGS, BARRELS, BALLS"
B21J,FORGING
B21K,"MAKING FORGED OR PRESSED METAL PRODUCTS, e.g. HORSE-SHOES, RIVETS, BOLTS OR WHEELS"
B21L,MAKING METAL CHAINS
B22C,FOUNDRY MOULDING
B22D,CASTING OF METALS
B22F,WORKING METALLIC POWDER
B23B,TURNING
B23C,MILLING
B23D,PLANING
B23F,MAKING GEARS OR TOOTHED RACKS
B23G,THREAD CUTTING
B23H,WORKING OF METAL BY THE ACTION OF A HIGH CONCENTRATION OF ELECTRIC CURRENT
B23K,SOLDERING OR UNSOLDERING
B23P,OTHER WORKING OF METAL
B23Q,"DETAILS, COMPONENTS, OR ACCESSORIES FOR MACHINE TOOLS"
B24B,"MACHINES, DEVICES, OR PROCESSES FOR GRINDING OR POLISHING"
B24C,ABRASIVE OR RELATED BLASTING WITH PARTICULATE MATERIAL
B24D,"TOOLS FOR GRINDING, BUFFING, OR SHARPENING"
B25B,"TOOLS OR BENCH DEVICES FOR FASTENING, CONNECTING, DISENGAGING OR HOLDING"
B25C,HAND-HELD NAILING OR STAPLING TOOLS
B25D,PERCUSSIVE TOOLS
B25F,COMBINATION OR MULTI-PURPOSE TOOLS NOT OTHERWISE PROVIDED FOR
B25G,HANDLES FOR HAND IMPLEMENTS
B25H,"WORKSHOP EQUIPMENT, e.g. FOR MARKING-OUT WORK"
B25J,MANIPULATORS
B26B,HAND-HELD CUTTING TOOLS NOT OTHERWISE PROVIDED FOR
B26D,CUTTING
B26F,PERFORATING
B27B,SAWS FOR WOOD OR SIMILAR MATERIAL
B27C,"PLANING, DRILLING, MILLING, TURNING OR UNIVERSAL MACHINES FOR WOOD"
B27D,WORKING VENEER OR PLYWOOD
B27F,DOVETAILED WORK
B27G,ACCESSORY MACHINES OR APPARATUS
B27H,BENDING WOOD OR SIMILAR MATERIAL
B27J,"MECHANICAL WORKING OF CANE, CORK, OR SIMILAR MATERIALS"
B27K,"PROCESSES, APPARATUS OR SELECTION OF SUBSTANCES FOR IMPREGNATING, STAINING, DYEING, BLEACHING OF WOOD OR SIMILAR MATERIALS"
B27L,REMOVING BARK OR VESTIGES OF BRANCHES
B27M,WORKING OF WOOD
B27N,"MANUFACTURE BY DRY PROCESSES OF ARTICLES,, MADE FROM PARTICLES OR FIBRES"
B28B,"SHAPING CLAY OR OTHER CERAMIC COMPOSITIONS, SLAG, OR MIXTURES CONTAINING CEMENTITIOUS MATERIAL"
B28C,PREPARING CLAY
B28D,WORKING STONE OR STONE-LIKE MATERIALS
B29B,PREPARATION OR PRETREATMENT OF THE MATERIAL TO BE SHAPED
B29C,SHAPING OR JOINING OF PLASTICS
B29D,PRODUCING PARTICULAR ARTICLES FROM PLASTICS OR FROM SUBSTANCES IN A PLASTIC STATE
B29K,MOULDING PLASTIC MATERIALS
B29L,SHAPING PLASTICS FOR PARTICULAR ARTICLES
B30B,PRESSES IN GENERAL
B31B,"MAKING CONTAINERS OF PAPER, CARDBOARD"
B31C,MAKING WOUND ARTICLES
B31D,"MAKING ARTICLES OF PAPER, CARDBOARD OR MATERIAL WORKED IN A MANNER ANALOGOUS TO PAPER"
B31F,"MECHANICAL WORKING OR DEFORMATION OF PAPER, CARDBOARD"
B32B,"LAYERED PRODUCTS, i.e. PRODUCTS BUILT-UP OF STRATA OF FLAT OR NON-FLAT"
B33Y,"ADDITIVE MANUFACTURING, i.e. MANUFACTURING OF THREE-DIMENSIONAL [3-D] OBJECTS"
B41B,"MACHINES OR ACCESSORIES FOR MAKING, SETTING, OR DISTRIBUTING TYPE"
B41C,PROCESSES FOR THE MANUFACTURE OR REPRODUCTION OF PRINTING SURFACES
B41D,APPARATUS FOR THE MECHANICAL REPRODUCTION OF PRINTING SURFACES FOR STEREOTYPE PRINTING
B41F,PRINTING MACHINES OR PRESSES
B41G,"APPARATUS FOR BRONZE PRINTING, LINE PRINTING, OR FOR BORDERING"
B41J,TYPEWRITERS
B41K,STAMPS
B41L,"APPARATUS OR DEVICES FOR MANIFOLDING, DUPLICATING, OR PRINTING"
B41M,"PRINTING, DUPLICATING, MARKING, OR COPYING PROCESSES"
B41N,PRINTING PLATES OR FOILS
B41P,"PRINTING, LINING MACHINES, TYPEWRITERS, AND TO STAMPS"
B42B,"PERMANENTLY ATTACHING TOGETHER SHEETS, QUIRES OR SIGNATURES"
B42C,BOOKBINDING
B42D,BOOKS
B42F,SHEETS TEMPORARILY ATTACHED TOGETHER
B42P,"BOOKS, FILING APPLIANCES OR THE LIKE"
B43K,IMPLEMENTS FOR WRITING OR DRAWING
B43L,ARTICLES FOR WRITING OR DRAWING UPON
B43M,BUREAU ACCESSORIES
B44B,"MACHINES, APPARATUS OR TOOLS FOR ARTISTIC WORK"
B44C,PRODUCING DECORATIVE EFFECTS
B44D,"PAINTING OR ARTISTIC DRAWING, NOT OTHERWISE PROVIDED FOR"
B44F,SPECIAL DESIGNS OR PICTURES
B60B,VEHICLE WHEELS
B60C,VEHICLE TYRES
B60D,VEHICLE CONNECTIONS
B60F,VEHICLES FOR USE BOTH ON RAIL AND ON ROAD
B60G,VEHICLE SUSPENSION ARRANGEMENTS
B60H,"ARRANGEMENTS OR ADAPTATIONS OF HEATING, COOLING, VENTILATING, OR OTHER AIR-TREATING DEVICES"
B60J,"WINDOWS, WINDSCREENS, NON-FIXED ROOFS, DOORS, OR SIMILAR DEVICES FOR VEHICLES"
B60K,ARRANGEMENT OR MOUNTING OF PROPULSION UNITS OR OF TRANSMISSIONS IN VEHICLES
B60L,ELECTRIC EQUIPMENT OR PROPULSION OF ELECTRICALLY-PROPELLED VEHICLES
B60M,"POWER SUPPLY LINES, AND DEVICES ALONG RAILS, FOR ELECTRICALLY- PROPELLED VEHICLES"
B60N,SEATS SPECIALLY ADAPTED FOR VEHICLES
B60P,VEHICLES ADAPTED FOR LOAD TRANSPORTATION
B60Q,ARRANGEMENT OF SIGNALLING OR LIGHTING DEVICES FOR VEHICLES IN GENERAL
B60R,"VEHICLES, VEHICLE FITTINGS, OR VEHICLE PARTS"
B60S,"SERVICING, CLEANING, REPAIRING, SUPPORTING, LIFTING, OR MANOEUVRING OF VEHICLES"
B60T,VEHICLE BRAKE CONTROL SYSTEMS OR PARTS THEREOF
B60V,AIR-CUSHION VEHICLES
B60W,CONJOINT CONTROL OF VEHICLE SUB-UNITS OF DIFFERENT TYPE OR DIFFERENT FUNCTION
B60Y,ASPECTS CROSS-CUTTING VEHICLE TECHNOLOGY
B61B,RAILWAY SYSTEMS
B61C,LOCOMOTIVES
B61D,BODY DETAILS OR KINDS OF RAILWAY VEHICLES
B61F,RAIL VEHICLE SUSPENSIONS
B61G,COUPLINGS
B61H,BRAKES OR OTHER RETARDING APPARATUS PECULIAR TO RAIL VEHICLES
B61J,SHIFTING OR SHUNTING OF RAIL VEHICLES
B61K,OTHER AUXILIARY EQUIPMENT FOR RAILWAYS
B61L,GUIDING RAILWAY TRAFFIC
B62B,HAND-PROPELLED VEHICLES
B62C,VEHICLES DRAWN BY ANIMALS
B62D,MOTOR VEHICLES
B62H,CYCLE STANDS
B62J,CYCLE SADDLES OR SEATS
B62K,CYCLES
B62L,BRAKES SPECIALLY ADAPTED FOR CYCLES
B62M,RIDER PROPULSION OF WHEELED VEHICLES OR SLEDGES
B63B,SHIPS OR OTHER WATERBORNE VESSELS
B63C,"LAUNCHING, HAULING-OUT, OR DRY-DOCKING OF VESSELS"
B63G,OFFENSIVE OR DEFENSIVE ARRANGEMENTS ON VESSELS
B63H,MARINE PROPULSION OR STEERING
B63J,AUXILIARIES ON VESSELS
B64B,LIGHTER-THAN AIR AIRCRAFT
B64C,AEROPLANES
B64D,EQUIPMENT FOR FITTING IN OR TO AIRCRAFT
B64F,GROUND OR AIRCRAFT-CARRIER-DECK INSTALLATIONS FOR USE IN CONNECTION WITH AIRCRAFT
B64G,COSMONAUTICS
B65B,"MACHINES, APPARATUS OR DEVICES FOR PACKAGING ARTICLES OR MATERIALS"
B65C,"LABELLING OR TAGGING MACHINES, APPARATUS, OR PROCESSES"
B65D,CONTAINERS FOR STORAGE OR TRANSPORT OF ARTICLES OR MATERIALS
B65F,GATHERING OR REMOVAL OF DOMESTIC OR LIKE REFUSE
B65G,"TRANSPORT OR STORAGE DEVICES, e.g. CONVEYORS FOR LOADING OR TIPPING"
B65H,"HANDLING THIN OR FILAMENTARY MATERIAL, e.g. SHEETS, WEBS, CABLES"
B66B,ELEVATORS
B66C,CRANES
B66D,CAPSTANS
B66F,"HOISTING, LIFTING, HAULING OR PUSHING, e.g. DEVICES WHICH APPLY A LIFTING FORCE DIRECTLY TO THE SURFACE OF A LOAD"
B67B,"APPLYING CLOSURE MEMBERS TO BOTTLES JARS, OR SIMILAR CONTAINERS"
B67C,"CLEANING, FILLING WITH LIQUIDS OR SEMILIQUIDS, OR EMPTYING, OF BOTTLES, JARS, CANS, CASKS, BARRELS, OR SIMILAR CONTAINERS"
B67D,"DISPENSING, DELIVERING OR TRANSFERRING LIQUIDS, NOT OTHERWISE PROVIDED FOR"
B68B,HARNESS
B68C,SADDLES
B68F,"MAKING ARTICLES FROM LEATHER, CANVAS, OR THE LIKE"
B68G,"METHODS, EQUIPMENT, OR MACHINES FOR USE IN UPHOLSTERING"
B81B,"MICROSTRUCTURAL DEVICES OR SYSTEMS, e.g. MICROMECHANICAL DEVICES"
B81C,PROCESSES OR APPARATUS SPECIALLY ADAPTED FOR THE MANUFACTURE OR TREATMENT OF MICROSTRUCTURAL DEVICES OR SYSTEMS
B82B,"NANOSTRUCTURES FORMED BY MANIPULATION OF INDIVIDUAL ATOMS, MOLECULES"
B82Y,SPECIFIC USES OR APPLICATIONS OF NANOSTRUCTURES
C01B,NON-METALLIC ELEMENTS
C01C,AMMONIA
C01D,COMPOUNDS OF ALKALI METALS
C01F,"COMPOUNDS OF THE METALS BERYLLIUM, MAGNESIUM, ALUMINIUM, CALCIUM, STRONTIUM, BARIUM, RADIUM, THORIUM, OR OF THE RARE-EARTH METALS"
C01G,COMPOUNDS CONTAINING METALS
C01P,STRUCTURAL AND PHYSICAL ASPECTS OF SOLID INORGANIC COMPOUNDS
C02F,"TREATMENT OF WATER, WASTE WATER, SEWAGE, OR SLUDGE"
C03B,"MANUFACTURE, SHAPING, OR SUPPLEMENTARY PROCESSES"
C03C,"CHEMICAL COMPOSITION OF GLASSES, GLAZES, OR VITREOUS ENAMELS"
C04B,"LIME, MAGNESIA"
C05B,PHOSPHATIC FERTILISERS
C05C,NITROGENOUS FERTILISERS
C05D,INORGANIC FERTILISERS
C05F,ORGANIC FERTILISERS
C05G,MIXTURES OF FERTILISERS
C06B,EXPLOSIVES OR THERMIC COMPOSITIONS
C06C,DETONATING OR PRIMING DEVICES
C06D,MEANS FOR GENERATING SMOKE OR MIST
C06F,MATCHES
C07B,GENERAL METHODS OF ORGANIC CHEMISTRY
C07C,ACYCLIC OR CARBOCYCLIC COMPOUNDS
C07D,HETEROCYCLIC COMPOUNDS
C07F,"ACYCLIC, CARBOCYCLIC OR HETEROCYCLIC COMPOUNDS CONTAINING ELEMENTS OTHER THAN CARBON, HYDROGEN, HALOGEN, OXYGEN, NITROGEN, SULFUR, SELENIUM OR TELLURIUM"
C07G,COMPOUNDS OF UNKNOWN CONSTITUTION
C07H,SUGARS
C07J,STEROIDS
C07K,PEPTIDES
C08B,POLYSACCHARIDES
C08C,TREATMENT OR CHEMICAL MODIFICATION OF RUBBERS
C08F,MACROMOLECULAR COMPOUNDS OBTAINED BY REACTIONS ONLY INVOLVING CARBON-TO-CARBON UNSATURATED BONDS
C08G,MACROMOLECULAR COMPOUNDS OBTAINED OTHERWISE THAN BY REACTIONS ONLY INVOLVING UNSATURATED CARBON-TO-CARBON BONDS
C08H,DERIVATIVES OF NATURAL MACROMOLECULAR COMPOUNDS
C08J,WORKING-UP
C08K,USE OF INORGANIC OR NON-MACROMOLECULAR ORGANIC SUBSTANCES AS COMPOUNDING INGREDIENTS
C08L,COMPOSITIONS OF MACROMOLECULAR COMPOUNDS
C09B,ORGANIC DYES OR CLOSELY-RELATED COMPOUNDS FOR PRODUCING DYES
C09C,TREATMENT OF INORGANIC MATERIALS TO ENHANCE THEIR PIGMENTING OR FILLING PROPERTIES
C09D,"COATING COMPOSITIONS, e.g. PAINTS, VARNISHES OR LACQUERS"
C09F,NATURAL RESINS
C09G,POLISHING COMPOSITIONS OTHER THAN FRENCH POLISH
C09H,PREPARATION OF GLUE OR GELATINE
C09J,ADHESIVES
C09K,"MATERIALS FOR MISCELLANEOUS APPLICATIONS, NOT PROVIDED FOR ELSEWHERE"
C10B,"DESTRUCTIVE DISTILLATION OF CARBONAGEOUS MATERIALS FOR PRODUCTION OF GAS, COKE, TAR, OR SIMILAR MATERIALS"
C10C,"WORKING-UP PITCH, ASPHALT, BITUMEN, TAR"
C10F,DRYING OR WORKING-UP OF PEAT
C10G,CRACKING HYDROCARBON OILS
C10H,PRODUCTION OF ACETYLENE BY WET METHODS
C10J,"PRODUCTION OF PRODUCER GAS, WATER-GAS, SYNTHESIS GAS FROM SOLID CARBONACEOUS MATERIAL"
C10K,PURIFYING OR MODIFYING THE CHEMICAL COMPOSITION OF COMBUSTIBLE GASES CONTAINING CARBON MONOXIDE
C10L,FUELS NOT OTHERWISE PROVIDED FOR
C10M,LUBRICATING COMPOSITIONS
C10N,INDEXING SCHEME ASSOCIATED WITH SUBCLASS C10M RELATING TO LUBRICATING COMPOSITIONS
C11B,"PRODUCING REFINING AND PRESERVING FATS, FATTY SUBSTANCES"
C11C,"FATTY ACIDS FROM FATS, OILS OR WAXES"
C11D,DETERGENT COMPOSITIONS
C12C,BREWING OF BEER
C12F,DISTILLATION OR RECTIFICATION OF FERMENTED SOLUTIONS
C12G,WINE
C12H,PASTEURISATION
C12J,VINEGAR
C12L,PITCHING OR DEPITCHING MACHINES
C12M,APPARATUS FOR ENZYMOLOGY OR MICROBIOLOGY
C12N,MICROORGANISMS OR ENZYMES
C12P,FERMENTATION OR ENZYME-USING PROCESSES TO SYNTHESISE A DESIRED CHEMICAL COMPOUND
C12Q,"MEASURING OR TESTING PROCESSES INVOLVING ENZYMES, NUCLEIC ACIDS OR MICROORGANISMS"
C12R,PROCESSES USING MICROORGANISMS
C12Y,ENZYMES
C13B,PRODUCTION OF SUCROSE
C13K,"SACCHARIDES OBTAINED FROM NATURAL SOURCES OR BY HYDROLYSIS OF NATURALLY OCCURRING DI-, OLIGO- OR POLYSACCHARIDES"
C14B,"MECHANICAL TREATMENT OR PROCESSING OF SKINS, HIDES OR LEATHER IN GENERAL"
C14C,"CHEMICAL TREATMENT OF HIDES, SKINS OR LEATHER, e.g. TANNING, IMPREGNATING, FINISHING"
C21B,MANUFACTURE OF IRON OR STEEL
C21C,"PROCESSING OF PIG-IRON, e.g. REFINING, MANUFACTURE OF WROUGHT-IRON OR STEEL"
C21D,MODIFYING THE PHYSICAL STRUCTURE OF FERROUS METALS
C22B,PRODUCTION AND REFINING OF METALS
C22C,ALLOYS
C22F,CHANGING THE PHYSICAL STRUCTURE OF NON-FERROUS METALS AND NON-FERROUS ALLOYS
C23C,COATING METALLIC MATERIAL
C23D,"ENAMELLING OF, OR APPLYING A VITREOUS LAYER TO, METALS"
C23F,NON-MECHANICAL REMOVAL OF METALLIC MATERIAL FROM SURFACE
C23G,CLEANING OR DEGREASING OF METALLIC MATERIAL BY CHEMICAL METHODS OTHER THAN ELECTROLYSIS
C25B,ELECTROLYTIC OR ELECTROPHORETIC PROCESSES FOR THE PRODUCTION OF COMPOUNDS OR NON-METALS
C25C,"PROCESSES FOR THE ELECTROLYTIC PRODUCTION, RECOVERY OR REFINING OF METALS"
C25D,PROCESSES FOR THE ELECTROLYTIC OR ELECTROPHORETIC PRODUCTION OF COATINGS
C25F,PROCESSES FOR THE ELECTROLYTIC REMOVAL OF MATERIALS FROM OBJECTS
C30B,SINGLE-CRYSTAL-GROWTH
C40B,COMBINATORIAL CHEMISTRY
D01B,MECHANICAL TREATMENT OF NATURAL FIBROUS OR FILAMENTARY MATERIAL TO OBTAIN FIBRES OF FILAMENTS
D01C,CHEMICAL TREATMENT OF NATURAL FILAMENTARY OR FIBROUS MATERIAL TO OBTAIN FILAMENTS OR FIBRES
D01D,"MECHANICAL METHODS OR APPARATUS IN THE MANUFACTURE OF ARTIFICIAL FILAMENTS, THREADS, FIBRES, BRISTLES OR RIBBONS"
D01F,"CHEMICAL FEATURES IN THE MANUFACTURE OF ARTIFICIAL FILAMENTS, THREADS, FIBRES, BRISTLES OR RIBBONS"
D01G,"PRELIMINARY TREATMENT OF FIBRES, e.g. FOR SPINNING"
D01H,SPINNING OR TWISTING
D02G,"CRIMPING OR CURLING FIBRES, FILAMENTS, THREADS, OR YARNS"
D02H,"WARPING, BEAMING OR LEASING"
D02J,"FINISHING OR DRESSING OF FILAMENTS, YARNS, THREADS, CORDS, ROPES OR THE LIKE"
D03C,SHEDDING MECHANISMS
D03D,WOVEN FABRICS
D03J,AUXILIARY WEAVING APPARATUS
D04B,KNITTING
D04C,"BRAIDING OR MANUFACTURE OF LACE, INCLUDING BOBBIN-NET OR CARBONISED LACE"
D04D,TRIMMINGS
D04G,MAKING NETS BY KNOTTING OF FILAMENTARY MATERIAL
D04H,"MAKING TEXTILE FABRICS, e.g. FROM FIBRES OR FILAMENTARY MATERIAL"
D05B,SEWING
D05C,EMBROIDERING
D05D,"RELATING TO SEWING, EMBROIDERING AND TUFTING"
D06B,"TREATING TEXTILE MATERIALS BY LIQUIDS, GASES OR VAPOURS"
D06C,"FINISHING, DRESSING, TENTERING OR STRETCHING TEXTILE FABRICS"
D06F,"LAUNDERING, DRYING, IRONING, PRESSING OR FOLDING TEXTILE ARTICLES"
D06G,"MECHANICAL OR PRESSURE CLEANING OF CARPETS, RUGS, SACKS, HIDES OR OTHER SKIN OR TEXTILE ARTICLES OR FABRICS"
D06H,"MARKING, INSPECTING, SEAMING OR SEVERING TEXTILE MATERIALS"
D06J,"PLEATING, KILTING, OR GOFFERING TEXTILE FABRICS OR WEARING APPAREL"
D06L,"DRY-CLEANING, WASHING OR BLEACHING FIBRES, FILAMENTS, THREADS, YARNS, FABRICS,"
D06M,"TREATMENT OF FIBRES, THREADS, YARNS, FABRICS, FEATHERS, OR FIBROUS GOODS"
D06N,"WALL, FLOOR OR LIKE COVERING MATERIALS"
D06P,DYEING OR PRINTING TEXTILES
D06Q,DECORATING TEXTILES
D07B,ROPES OR CABLES IN GENERAL
D10B,RELATING TO TEXTILES
D21B,FIBROUS RAW MATERIALS OR THEIR MECHANICAL TREATMENT
D21C,PRODUCTION OF CELLULOSE BY REMOVING NON-CELLULOSE SUBSTANCES FROM CELLULOSE-CONTAINING MATERIALS
D21D,TREATMENT OF THE MATERIALS BEFORE PASSING TO THE PAPER-MAKING MACHINE
D21F,PAPER-MAKING MACHINES
D21G,CALENDERS
D21H,PULP COMPOSITIONS
D21J,FIBREBOARD
E01B,PERMANENT WAY
E01C,"CONSTRUCTION OF, OR SURFACES FOR, ROADS, SPORTS GROUNDS"
E01D,"CONSTRUCTION OF BRIDGES,"
E01F,"ADDITIONAL WORK, SUCH AS EQUIPPING ROADS OR THE CONSTRUCTION OF PLATFORMS, HELICOPTER LANDING STAGES, SIGNS, SNOW FENCES"
E01H,STREET CLEANING
E02B,HYDRAULIC ENGINEERING
E02C,SHIP-LIFTING DEVICES OR MECHANISMS
E02D,FOUNDATIONS
E02F,DREDGING
E03B,"INSTALLATIONS OR METHODS FOR OBTAINING, COLLECTING, OR DISTRIBUTING WATER"
E03C,DOMESTIC PLUMBING INSTALLATIONS FOR FRESH WATER OR WASTE WATER
E03D,WATER-CLOSETS OR URINALS WITH FLUSHING DEVICES
E03F,SEWERS
E04B,GENERAL BUILDING CONSTRUCTIONS
E04C,STRUCTURAL ELEMENTS
E04D,ROOF COVERINGS
E04F,"FINISHING WORK ON BUILDINGS, e.g. STAIRS, FLOORS"
E04G,SCAFFOLDING
E04H,BUILDINGS OR LIKE STRUCTURES FOR PARTICULAR PURPOSES
E05B,LOCKS
E05C,"BOLTS OR FASTENING DEVICES FOR WINGS, SPECIALLY FOR DOORS OR WINDOWS"
E05D,"HINGES OR OTHER SUSPENSION DEVICES FOR DOORS, WINDOWS OR WINGS"
E05F,DEVICES FOR MOVING WINGS INTO OPEN OR CLOSED POSITION
E05G,SAFES OR STRONG-ROOMS FOR VALUABLES
E05Y,"HINGES OR OTHER SUSPENSION DEVICES FOR DOORS, WINDOWS OR WINGS"
E06B,"FIXED OR MOVABLE CLOSURES FOR OPENINGS IN BUILDINGS, VEHICLES, FENCES OR LIKE ENCLOSURES IN GENERAL"
E06C,LADDERS
E21B,"EARTH DRILLING, e.g. DEEP DRILLING"
E21C,MINING OR QUARRYING
E21D,SHAFTS
E21F,"SAFETY DEVICES, TRANSPORT, FILLING-UP, RESCUE, VENTILATION, OR DRAINING IN OR OF MINES OR TUNNELS"
F01B,"MACHINES OR ENGINES, IN GENERAL OR OF POSITIVE-DISPLACEMENT TYPE, e.g. STEAM ENGINES"
F01C,ROTARY-PISTON OR OSCILLATING-PISTON MACHINES OR ENGINES
F01D,"NON-POSITIVE DISPLACEMENT MACHINES OR ENGINES, e.g. STEAM TURBINES"
F01K,STEAM ENGINE PLANTS
F01L,CYCLICALLY OPERATING VALVES FOR MACHINES OR ENGINES
F01M,LUBRICATING OF MACHINES OR ENGINES IN GENERAL
F01N,GAS-FLOW SILENCERS OR EXHAUST APPARATUS FOR MACHINES OR ENGINES IN GENERAL
F01P,COOLING OF MACHINES OR ENGINES IN GENERAL
F02B,INTERNAL-COMBUSTION PISTON ENGINES
F02C,GAS-TURBINE PLANTS
F02D,CONTROLLING COMBUSTION ENGINES
F02F,"CYLINDERS, PISTONS OR CASINGS, FOR COMBUSTION ENGINES"
F02G,HOT GAS OR COMBUSTION-PRODUCT POSITIVE-DISPLACEMENT ENGINE PLANTS
F02K,JET-PROPULSION PLANTS
F02M,"SUPPLYING COMBUSTION ENGINES IN GENERAL, WITH COMBUSTIBLE MIXTURES"
F02N,STARTING OF COMBUSTION ENGINES
F02P,"IGNITION, OTHER THAN COMPRESSION IGNITION, FOR INTERNAL-COMBUSTION ENGINES"
F02W,INDEXING SCHEME RELATING TO TURBINES
F03B,MACHINES OR ENGINES FOR LIQUIDS
F03C,POSITIVE-DISPLACEMENT ENGINES DRIVEN BY LIQUIDS
F03D,WIND MOTORS
F03G,"SPRING, WEIGHT, INERTIA OR LIKE MOTORS"
F03H,"PRODUCING A REACTIVE PROPULSIVE THRUST, NOT OTHERWISE PROVIDED FOR"
F04B,POSITIVE DISPLACEMENT MACHINES FOR LIQUIDS
F04C,"ROTARY-PISTON, OR OSCILLATING-PISTON, POSITIVE-DISPLACEMENT MACHINES FOR LIQUIDS"
F04D,NON-POSITIVE DISPLACEMENT PUMPS
F04F,PUMPING OF FLUID BY DIRECT CONTACT OF ANOTHER FLUID OR BY USING INERTIA OF FLUID TO BE PUMPED
F05B,"MACHINES OR ENGINES OTHER THAN NON-POSITIVE-DISPLACEMENT MACHINES OR ENGINES, TO WIND MOTORS"
F05C,"MATERIALS, MATERIAL PROPERTIES OR MATERIAL CHARACTERISTICS FOR MACHINES, ENGINES OR PUMPS"
F05D,"NON-POSITIVE-DISPLACEMENT MACHINES OR ENGINES, GAS-TURBINES OR JET-PROPULSION PLANTS"
F15B,SYSTEMS ACTING BY MEANS OF FLUIDS IN GENERAL
F15C,FLUID-CIRCUIT ELEMENTS PREDOMINANTLY USED FOR COMPUTING OR CONTROL PURPOSES
F15D,"FLUID DYNAMICS, i.e. METHODS OR MEANS FOR INFLUENCING THE FLOW OF GASES OR LIQUIDS"
F16B,DEVICES FOR FASTENING OR SECURING CONSTRUCTIONAL ELEMENTS OR MACHINE PARTS TOGETHER
F16C,SHAFTS
F16D,COUPLINGS FOR TRANSMITTING ROTATION
F16F,SPRINGS
F16G,"BELTS, CABLES, OR ROPES, PREDOMINANTLY USED FOR DRIVING PURPOSES"
F16H,GEARING
F16J,PISTONS
F16K,VALVES
F16L,PIPES
F16M,"FRAMES, CASINGS, OR BEDS OF ENGINES OR OTHER MACHINES OR APPARATUS NOT SPECIFIC TO AN ENGINE, MACHINE"
F16N,LUBRICATING
F16P,SAFETY DEVICES IN GENERAL
F16S,CONSTRUCTIONAL ELEMENTS IN GENERAL
F16T,STEAM TRAPS OR LIKE APPARATUS FOR DRAINING-OFF LIQUIDS FROM ENCLOSURES CONTAINING GASES
F17B,GAS-HOLDERS OF VARIABLE CAPACITY
F17C,"VESSELS FOR CONTAINING OR STORING COMPRESSED, LIQUEFIED OR SOLIDIFIED GASES"
F17D,PIPE-LINE SYSTEMS
F21H,INCANDESCENT MANTLES
F21K,NON-ELECTRIC LIGHT SOURCES USING LUMINESCENCE
F21L,"LIGHTING DEVICES OR SYSTEMS THEREOF, BEING PORTABLE OR SPECIALLY ADAPTED FOR TRANSPORTATION"
F21S,NON-PORTABLE LIGHTING DEVICES
F21V,FUNCTIONAL FEATURES OR DETAILS OF LIGHTING DEVICES OR SYSTEMS THEREOF
F21W,USES OR APPLICATIONS OF LIGHTING DEVICES OR SYSTEMS
F21Y,FORM OR THE KIND OF THE LIGHT SOURCES OR OF THE COLOUR OF THE LIGHT EMITTED
F22B,METHODS OF STEAM GENERATION
F22D,"PREHEATING, OR ACCUMULATING PREHEATED, FEED-WATER"
F22G,SUPERHEATING OF STEAM
F23B,METHODS OR APPARATUS FOR COMBUSTION USING ONLY SOLID FUEL
F23C,"METHODS OR APPARATUS FOR COMBUSTION, USING FLUID, FUEL OR SOLID FUEL"
F23D,BURNERS
F23G,CREMATION FURNACES
F23H,GRATES
F23J,REMOVAL OR TREATMENT OF COMBUSTION PRODUCTS OR COMBUSTION RESIDUES
F23K,FEEDING FUEL TO COMBUSTION APPARATUS
F23L,AIR SUPPLY
F23M,"CASINGS, LININGS, WALLS OR DOORS SPECIALLY ADAPTED FOR COMBUSTION CHAMBERS"
F23N,REGULATING OR CONTROLLING COMBUSTION
F23Q,IGNITION
F23R,GENERATING COMBUSTION PRODUCTS OF HIGH PRESSURE OR HIGH VELOCITY
F24B,DOMESTIC STOVES OR RANGES FOR SOLID FUELS
F24C,OTHER DOMESTIC STOVES OR RANGES
F24D,"DOMESTIC- OR SPACE-HEATING SYSTEMS, e.g. CENTRAL HEATING SYSTEMS"
F24F,"AIR-CONDITIONING, AIR-HUMIDIFICATION, VENTILATION, USE OF AIR CURRENTS FOR SCREENING"
F24H,"FLUID HEATERS, e.g. WATER OR AIR HEATERS, HAVING HEAT GENERATING MEANS, IN GENERAL"
F24J,PRODUCING OR USE OF HEAT NOT OTHERWISE PROVIDED FOR
F24S,SOLAR HEAT COLLECTORS
F24T,GEOTHERMAL COLLECTORS
F24V,"COLLECTION, PRODUCTION OR USE OF HEAT NOT OTHERWISE PROVIDED FOR"
F25B,"REFRIGERATION MACHINES, PLANTS OR SYSTEMS"
F25C,"PRODUCING, WORKING OR HANDLING ICE"
F25D,REFRIGERATORS
F25J,"LIQUEFACTION, SOLIDIFICATION OR SEPARATION OF GASES OR GASEOUS"
F26B,DRYING SOLID MATERIALS OR OBJECTS BY REMOVING LIQUID THEREFROM
F27B,"FURNACES, KILNS, OVENS, OR RETORTS IN GENERAL"
F27D,"DETAILS OR ACCESSORIES OF FURNACES, KILNS, OVENS, OR RETORTS"
F27M,"INDEXING SCHEME RELATING TO ASPECTS OF THE CHARGES OR FURNACES, KILNS, OVENS OR RETORTS"
F28B,STEAM OR VAPOUR CONDENSERS
F28C,HEAT-EXCHANGE APPARATUS IN WHICH THE HEAT-EXCHANGE MEDIA COME INTO DIRECT CONTACT WITHOUT CHEMICAL INTERACTION
F28D,HEAT-EXCHANGE APPARATUS IN WHICH THE HEAT-EXCHANGE MEDIA DO NOT COME INTO DIRECT CONTACT
F28F,"DETAILS OF HEAT-EXCHANGE AND HEAT-TRANSFER APPARATUS, OF GENERAL APPLICATION"
F28G,CLEANING OF INTERNAL OR EXTERNAL SURFACES OF HEAT-EXCHANGE OR HEAT-TRANSFER CONDUITS
F41A,FUNCTIONAL FEATURES OR DETAILS COMMON TO BOTH SMALLARMS AND ORDNANCE
F41B,WEAPONS FOR PROJECTING MISSILES WITHOUT USE OF EXPLOSIVE OR COMBUSTIBLE PROPELLANT CHARGE
F41C,"SMALLARMS, e.g. PISTOLS, RIFLES"
F41F,"APPARATUS FOR LAUNCHING PROJECTILES OR MISSILES FROM BARRELS, e.g. CANNONS"
F41G,WEAPON SIGHTS
F41H,ARMOUR
F41J,TARGETS
F42B,"EXPLOSIVE CHARGES, e.g. FOR BLASTING, FIREWORKS, AMMUNITION"
F42C,AMMUNITION FUZES
F42D,BLASTING
G01B,"MEASURING LENGTH, THICKNESS OR SIMILAR LINEAR DIMENSIONS"
G01C,"MEASURING DISTANCES, LEVELS OR BEARINGS"
G01D,MEASURING NOT SPECIALLY ADAPTED FOR A SPECIFIC VARIABLE
G01F,"MEASURING VOLUME, VOLUME FLOW, MASS FLOW OR LIQUID LEVEL"
G01G,WEIGHING
G01H,"MEASUREMENT OF MECHANICAL VIBRATIONS OR ULTRASONIC, SONIC OR INFRASONIC WAVES"
G01J,"MEASUREMENT OF INTENSITY, VELOCITY, SPECTRAL CONTENT, POLARISATION OF INFRA-RED, VISIBLE OR ULTRA-VIOLET LIGHT"
G01K,MEASURING TEMPERATURE
G01L,"MEASURING FORCE, STRESS, TORQUE, WORK, MECHANICAL POWER, MECHANICAL EFFICIENCY, OR FLUID PRESSURE"
G01M,TESTING STATIC OR DYNAMIC BALANCE OF MACHINES OR STRUCTURES
G01N,INVESTIGATING OR ANALYSING MATERIALS BY DETERMINING THEIR CHEMICAL OR PHYSICAL PROPERTIES
G01P,"MEASURING LINEAR OR ANGULAR SPEED, ACCELERATION, DECELERATION, OR SHOCK"
G01Q,SCANNING-PROBE TECHNIQUES OR APPARATUS
G01R,MEASURING ELECTRIC VARIABLES
G01S,RADIO DIRECTION-FINDING
G01T,MEASUREMENT OF NUCLEAR OR X-RADIATION
G01V,GEOPHYSICS
G01W,METEOROLOGY
G02B,"OPTICAL ELEMENTS, SYSTEMS, OR APPARATUS"
G02C,SPECTACLES
G02F,"DEVICES OR ARRANGEMENTS, THE OPTICAL OPERATION OF WHICH IS MODIFIED BY CHANGING THE OPTICAL PROPERTIES"
G03B,APPARATUS OR ARRANGEMENTS FOR TAKING PHOTOGRAPHS OR FOR PROJECTING OR VIEWING THEM
G03C,PHOTOSENSITIVE MATERIALS FOR PHOTOGRAPHIC PURPOSES
G03D,APPARATUS FOR PROCESSING EXPOSED PHOTOGRAPHIC MATERIALS
G03F,PHOTOMECHANICAL PRODUCTION OF TEXTURED OR PATTERNED SURFACES
G03G,ELECTROGRAPHY
G03H,HOLOGRAPHIC PROCESSES OR APPARATUS
G04B,MECHANICALLY-DRIVEN CLOCKS OR WATCHES
G04C,ELECTROMECHANICAL CLOCKS OR WATCHES
G04D,APPARATUS OR TOOLS SPECIALLY DESIGNED FOR MAKING OR MAINTAINING CLOCKS OR WATCHES
G04F,TIME-INTERVAL MEASURING
G04G,ELECTRONIC TIME-PIECES
G04R,RADIO-CONTROLLED TIME-PIECES
G05B,CONTROL OR REGULATING SYSTEMS IN GENERAL
G05D,SYSTEMS FOR CONTROLLING OR REGULATING NON-ELECTRIC VARIABLES
G05F,SYSTEMS FOR REGULATING ELECTRIC OR MAGNETIC VARIABLES
G05G,CONTROL DEVICES OR SYSTEMS INSOFAR AS CHARACTERISED BY MECHANICAL FEATURES ONLY
G06C,DIGITAL COMPUTERS IN WHICH ALL THE COMPUTATION IS EFFECTED MECHANICALLY
G06D,DIGITAL FLUID-PRESSURE COMPUTING DEVICES
G06E,OPTICAL COMPUTING DEVICES
G06F,ELECTRIC DIGITAL DATA PROCESSING
G06G,ANALOGUE COMPUTERS
G06J,HYBRID COMPUTING ARRANGEMENTS
G06K,RECOGNITION OF DATA
G06M,COUNTING MECHANISMS
G06N,COMPUTER SYSTEMS BASED ON SPECIFIC COMPUTATIONAL MODELS
G06Q,DATA PROCESSING SYSTEMS OR METHODS
G06T,"IMAGE DATA PROCESSING OR GENERATION, IN GENERAL"
G07B,TICKET-ISSUING APPARATUS
G07C,TIME OR ATTENDANCE REGISTERS
G07D,HANDLING OF COINS OR OF PAPER CURRENCY OR SIMILAR VALUABLE PAPERS
G07F,COIN-FREED OR LIKE APPARATUS
G07G,"REGISTERING THE RECEIPT OF CASH, VALUABLES, OR TOKENS"
G08B,SIGNALLING OR CALLING SYSTEMS
G08C,"TRANSMISSION SYSTEMS FOR MEASURED VALUES, CONTROL OR SIMILAR SIGNALS"
G08G,TRAFFIC CONTROL SYSTEMS
G09B,EDUCATIONAL OR DEMONSTRATION APPLIANCES
G09C,CODING OR CIPHERING APPARATUS FOR CRYPTOGRAPHIC OR OTHER PURPOSES
G09D,RAILWAY OR LIKE TIME OR FARE TABLES
G09F,DISPLAYING
G09G,ARRANGEMENTS OR CIRCUITS FOR CONTROL OF INDICATING DEVICES
G10B,ORGANS
G10C,"PIANOS, HARPSICHORDS, SPINETS OR SIMILAR STRINGED MUSICAL INSTRUMENTS"
G10D,STRINGED MUSICAL INSTRUMENTS
G10F,AUTOMATIC MUSICAL INSTRUMENTS
G10G,AIDS FOR MUSIC
G10H,ELECTROPHONIC MUSICAL INSTRUMENTS
G10K,SOUND-PRODUCING DEVICES
G10L,SPEECH ANALYSIS OR SYNTHESIS
G11B,INFORMATION STORAGE BASED ON RELATIVE MOVEMENT BETWEEN RECORD CARRIER AND TRANSDUCER
G11C,STATIC STORES
G12B,"CONSTRUCTIONAL DETAILS OF INSTRUMENTS, OR COMPARABLE DETAILS OF OTHER APPARATUS"
G16H,"HEALTHCARE INFORMATICS, i.e. ICT"
G21B,FUSION REACTORS
G21C,NUCLEAR REACTORS
G21D,NUCLEAR POWER PLANT
G21F,"PROTECTION AGAINST X-RADIATION, GAMMA RADIATION, CORPUSCULAR RADIATION"
G21G,CONVERSION OF CHEMICAL ELEMENTS
G21H,OBTAINING ENERGY FROM RADIOACTIVE SOURCES
G21J,NUCLEAR EXPLOSIVES
G21K,TECHNIQUES FOR HANDLING PARTICLES OR IONISING RADIATION
G21Y,"NUCLEAR REACTORS, POWER PLANTS AND EXPLOSIVES, TO PROTECTION AGAINST RADIATION"
H01B,CABLES
H01C,RESISTORS
H01F,MAGNETS
H01G,CAPACITORS
H01H,ELECTRIC SWITCHES
H01J,ELECTRIC DISCHARGE TUBES OR DISCHARGE LAMPS
H01K,ELECTRIC INCANDESCENT LAMPS
H01L,SEMICONDUCTOR DEVICES
H01M,"PROCESSES OR MEANS, e.g. BATTERIES, FOR THE DIRECT CONVERSION OF CHEMICAL INTO ELECTRICAL ENERGY"
H01P,WAVEGUIDES
H01Q,"ANTENNAS, i.e. RADIO AERIALS"
H01R,LINE CONNECTORS
H01S,DEVICES USING STIMULATED EMISSION
H01T,SPARK GAPS
H02B,"BOARDS, SUBSTATIONS, OR SWITCHING ARRANGEMENTS FOR THE SUPPLY OR DISTRIBUTION OF ELECTRIC POWER"
H02G,"INSTALLATION OF ELECTRIC CABLES OR LINES, OR OF COMBINED OPTICAL AND ELECTRIC CABLES OR LINES"
H02H,EMERGENCY PROTECTIVE CIRCUIT ARRANGEMENTS
H02J,CIRCUIT ARRANGEMENTS OR SYSTEMS FOR SUPPLYING OR DISTRIBUTING ELECTRIC POWER
H02K,DYNAMO-ELECTRIC MACHINES
H02M,"APPARATUS FOR CONVERSION BETWEEN AC AND AC, BETWEEN AC AND DC, OR BETWEEN DC AND DC"
H02N,ELECTRIC MACHINES NOT OTHERWISE PROVIDED FOR
H02P,"CONTROL OR REGULATION OF ELECTRIC MOTORS, ELECTRIC GENERATORS OR DYNAMO-ELECTRIC CONVERTERS"
H02S,"GENERATION OF ELECTRIC POWER BY CONVERSION OF INFRA-RED RADIATION, VISIBLE LIGHT OR ULTRAVIOLET LIGHT"
H03B,GENERATION OF OSCILLATIONS BY CIRCUITS EMPLOYING ACTIVE ELEMENTS WHICH OPERATE IN A NON-SWITCHING MANNER
H03C,MODULATION
H03D,DEMODULATION OR TRANSFERENCE OF MODULATION FROM ONE CARRIER TO ANOTHER
H03F,AMPLIFIERS
H03G,CONTROL OF AMPLIFICATION
H03H,"IMPEDANCE NETWORKS, e.g. RESONANT CIRCUITS"
H03J,TUNING RESONANT CIRCUITS
H03K,PULSE TECHNIQUE
H03L,ELECTRONIC OSCILLATIONS OR PULSES
H03M,CODING
H04B,TRANSMISSION
H04H,BROADCAST COMMUNICATION
H04J,MULTIPLEX COMMUNICATION
H04K,SECRET COMMUNICATION
H04L,"TRANSMISSION OF DIGITAL INFORMATION, e.g. TELEGRAPHIC COMMUNICATION"
H04M,TELEPHONIC COMMUNICATION
H04N,"PICTORIAL COMMUNICATION, e.g. TELEVISION"
H04Q,SELECTING
H04R,"LOUDSPEAKERS, MICROPHONES, GRAMOPHONE PICK-UPS OR LIKE ACOUSTIC ELECTROMECHANICAL TRANSDUCERS"
H04S,STEREOPHONIC SYSTEMS
H04T,INDEXING SCHEME RELATING TO STANDARDS FOR ELECTRIC COMMUNICATION TECHNIQUE
H04W,WIRELESS COMMUNICATIONS NETWORKS
H05B,ELECTRIC HEATING
H05C,ELECTRIC CIRCUITS OR APPARATUS
H05F,STATIC ELECTRICITY
H05G,X-RAY TECHNIQUE
H05H,PLASMA TECHNIQUE
H05K,PRINTED CIRCUITS
Y02A,ADAPTATION TO CLIMATE CHANGE
Y02B,CCM TECHNOLOGIES RELATED TO BUILDINGS
Y02C,"GREENHOUSE GASES [GHG] CAPTURE, STORAGE, SEQUESTRATION OR DISPOSAL OF"
Y02D,CCM TECHNOLOGIES IN ICT
Y02E,REDUCTION OF GREENHOUSE GAS [GHG] EMISSIONS
Y02P,CCM TECHNOLOGIES IN THE PRODUCTION GOODS
Y02T,CCM TECHNOLOGIES RELATED TO TRANSPORTATION
Y02W,CCM TECHNOLOGIES RELATED TO WASTEWATER TREATMENT OR WASTE MANAGEMENT
Y04S,"CCM TECHNOLOGIES RELATED TO POWER, SMART GRIDS"
Y10S,TECHNICAL SUBJECTS
Y10T,TECHNICAL SUBJECTS
